100,110,120,130,140,150,160,170,180,200,250,260,300,350,360,40,400,410,50,500,510,60,600,70,700,710,900,month,por,value0,value1,value10,value11,value12,value13,value14,value15,value16,value17,value18,value19,value2,value20,value3,value4,value5,value6,value7,value8,value9,y0,y1,y2,y3,y4,y5,y6,y7,year,Н1.0,Н1.1,Н1.2,Н10.1,Н12,Н2,Н3,Н4,Н7,Н9.1
422268278.0,18125204.0,78482712.0,302772.0,28437957.0,59328.0,220166.0,4131744.0,16216360.0,50866935.0,564566.0,898186.0,225425100.0,2155005.0,118917.0,276292035.0,29545871.0,13417301.0,1017103.0,203880651.0,44882518.0,29545871.0,111231798.0,28800057.0,218388.0,50500.0,875827.0,3,3,3603.3,101.2,2942,15.4,5.3,6.6,13080.4,3487.6,10.5,788.4,416.7,1340.5,100.7,24.0023,54.0,15.6,34.5,18.9,2.9,25.4,962.6,0,0,0,0,0,0,0,0,2008,-100.0,-100.0,-100.0,-100.0,-100.0,-10.0,-10.0,-10.0,-10000.0,-100.0
393079034.0,15115200.0,44167900.0,302810.0,25716323.0,59328.0,220166.0,4112670.0,14959436.0,53285109.0,601097.0,920239.0,235140092.0,2891719.0,156647.0,288425201.0,30233560.0,13894012.0,1076886.0,175072688.0,42666774.0,30233560.0,110578312.0,26078461.0,209953.0,50500.0,3132500.0,4,4,3137.73333333,101.2,2900,16.2,4.9,6.4,13382.9,3475.5,10.5,816.8,602.3,1931.8,100.7,23.5027,56.8,21.2,35.7,14.5,4.2,0.2,1047.5,0,0,0,0,0,0,0,0,2008,-100.0,-100.0,-100.0,-100.0,-100.0,-10.0,-10.0,-10.0,-10000.0,-100.0
413892460.0,17748922.0,48128641.0,302800.0,22064266.0,59328.0,220166.0,4126753.0,15194009.0,57150726.0,616977.0,1046446.0,248896849.0,2048555.0,169774.0,306047575.0,31093992.0,14793922.0,1216220.0,181722555.0,37551576.0,31093992.0,115565737.0,22426394.0,129782.0,50500.0,4011786.0,5,5,3137.73333333,101.4,2575,16.5,4.5,6.6,13347.7,3601.4,10.5,837.8,1084.4,3024.9,104.5,23.6588,63.3,23.4,39.9,16.5,1.0,10.2,1075.0,0,0,0,0,0,0,0,0,2008,-100.0,-100.0,-100.0,-100.0,-100.0,-10.0,-10.0,-10.0,-10000.0,-100.0
410108210.0,9571637.0,43434437.0,302800.0,21393750.0,59328.0,220166.0,4391602.0,15776122.0,60642108.0,656396.0,1100426.0,254316260.0,1931163.0,234812.0,314958368.0,31525027.0,14753629.0,1335238.0,179219680.0,37129707.0,31525027.0,109029235.0,21755878.0,135032.0,50500.0,4767049.0,6,6,3137.73333333,101.4,2794,16.6,4.1,6.4,13724.5,3656.2,10.8,820.0,1329.5,3700.6,103.5,23.7473,65.7,25.4,40.2,14.8,-0.6,-5.3,1113.9,0,0,0,0,0,0,0,0,2008,-100.0,-100.0,-100.0,-100.0,-100.0,-10.0,-10.0,-10.0,-10000.0,-100.0
439386829.0,16606433.0,43324886.0,302801.0,20909812.0,59328.0,220166.0,4340324.0,23056515.0,63562836.0,689086.0,1240740.0,267003728.0,1673798.0,319346.0,330566564.0,31535735.0,14931055.0,1560086.0,191503596.0,40211866.0,31535735.0,124553345.0,21271941.0,133639.0,50500.0,5845761.0,7,7,3410.33333333,101.0,2859,17.7,4.2,6.2,14244.7,3724.9,11.0,851.8,1405.2,4369.0,104.9,23.4068,67.1,24.5,42.6,18.1,5.4,5.0,1137.0,0,0,0,0,0,0,0,0,2008,-100.0,-100.0,-100.0,-100.0,-100.0,-10.0,-10.0,-10.0,-10000.0,-100.0
463306306.0,21771031.0,54069412.0,302779.0,20497563.0,59328.0,220166.0,4305306.0,17884853.0,67778006.0,717368.0,1396914.0,276417862.0,2904675.0,443420.0,344195868.0,31239819.0,15241246.0,1840334.0,180407792.0,41700308.0,31239819.0,153935283.0,20859670.0,131639.0,50500.0,7600648.0,8,8,3410.33333333,100.5,2590,17.8,4.3,5.3,14210.0,3807.2,11.0,863.7,2168.3,5677.4,105.4,23.4186,69.4,25.5,43.8,18.3,0.0,2.5,1185.4,0,0,0,0,0,0,0,0,2008,-100.0,-100.0,-100.0,-100.0,-100.0,-10.0,-10.0,-10.0,-10000.0,-100.0
498158502.0,28147305.0,52565809.0,302766.0,19967571.0,59328.0,315046.0,4315104.0,20373504.0,72366586.0,745374.0,1583168.0,299745483.0,3052892.0,1006661.0,372112069.0,31749002.0,15682220.0,2589829.0,199437454.0,37274263.0,31749002.0,168880152.0,20329665.0,133491.0,50500.0,7828949.0,9,9,3410.33333333,100.4,2956,17.2,4.5,5.3,14530.1,3887.4,11.0,833.5,2405.3,6405.1,100.5,24.666999999999998,76.0,28.6,47.3,18.7,-2.8,2.6,1229.1,0,0,0,0,0,0,0,0,2008,-100.0,-100.0,-100.0,-100.0,-100.0,-10.0,-10.0,-10.0,-10000.0,-100.0
528457569.0,43439525.0,72790347.0,302770.0,19895031.0,59328.0,315046.0,4426024.0,13724487.0,75982336.0,782056.0,1731639.0,297522675.0,3632397.0,1075789.0,373505011.0,30387858.0,14903897.0,2807428.0,201020851.0,44123405.0,30387858.0,184398655.0,20257129.0,121773.0,50500.0,9134018.0,10,10,3655.2,100.8,3017,17.7,4.7,5.3,14374.6,3904.2,11.0,871.2,2652.3,7151.3,95.0,25.3718,72.7,27.1,45.7,18.6,2.1,-7.7,1243.2,0,0,0,0,0,0,0,0,2008,-100.0,-100.0,-100.0,-100.0,-100.0,-10.0,-10.0,-10.0,-10000.0,-100.0
586140712.0,44617887.0,115858258.0,123030.0,18717040.0,59328.0,315046.0,4454098.0,15621083.0,79175437.0,812964.0,1791969.0,307199505.0,2231391.0,1345908.0,386374942.0,26321667.0,13193145.0,3137877.0,182401392.0,38985951.0,26321667.0,241483337.0,18899398.0,405523.0,50500.0,10829274.0,11,11,3655.2,100.9,4024,17.6,5.0,6.1,13519.7,3962.2,12.0,915.9,2885.5,8093.3,93.4,27.0981,71.0,27.2,43.8,16.6,-1.4,-0.5,1278.0,0,0,0,0,0,0,0,0,2008,-100.0,-100.0,-100.0,-100.0,-100.0,-10.0,-10.0,-10.0,-10000.0,-100.0
544588414.0,20220866.0,96340887.0,123049.0,18985095.0,59328.0,315046.0,4430873.0,14071768.0,78776681.0,792714.0,1978549.0,311264821.0,3440243.0,1814679.0,390041502.0,26690207.0,12775365.0,3793228.0,177389968.0,36084050.0,26690207.0,242151908.0,19167472.0,408383.0,50500.0,12312559.0,12,12,3655.2,100.8,7765,17.6,5.3,6.6,13226.2,3793.1,13.0,977.1,2629.3,8663.9,91.6,27.9409,66.5,27.5,39.1,11.6,-1.1,2.2,1244.9,0,0,0,0,0,0,0,0,2008,-100.0,-100.0,-100.0,-100.0,-100.0,-10.0,-10.0,-10.0,-10000.0,-100.0
574504074.0,82746377.0,60986871.0,123396.0,17419938.0,59328.0,315046.0,4551402.0,14415976.0,78716546.0,790050.0,2173240.0,315169194.0,966766.0,2362380.0,393885740.0,31303065.0,14604557.0,4535620.0,201530804.0,34593840.0,31303065.0,247495656.0,17602662.0,162500.0,50500.0,11931317.0,1,13,3555.66666667,100.7,4674,21.7,5.9,7.7,13493.2,3794.8,13.0,1048.0,1849.8,9258.1,92.4,29.3916,52.2,21.9,30.3,8.5,22.3,29.4,1460.6,0,0,0,0,0,0,0,0,2009,-100.0,-100.0,-100.0,-100.0,-100.0,-10.0,-10.0,-10.0,-10000.0,-100.0
627996671.0,83177030.0,79205111.0,123619.0,15265642.0,59328.0,315046.0,4498209.0,17268167.0,82397155.0,850306.0,2504855.0,345687364.0,2547013.0,3637652.0,428084519.0,33642838.0,14772227.0,6142507.0,223488131.0,43354286.0,33642838.0,254338623.0,15448589.0,155200.0,50500.0,4181339.0,2,14,3555.66666667,102.4,6965,17.1,6.5,8.1,11990.7,3312.7,13.0,994.5,374.6,771.6,96.6,36.1767,52.6,24.0,28.6,4.6,-22.8,-46.3,1101.0,0,0,0,0,0,0,0,0,2009,-100.0,-100.0,-100.0,-100.0,-100.0,-10.0,-10.0,-10.0,-10000.0,-100.0
596374733.0,58756138.0,88984281.0,123624.0,13095801.0,59328.0,315046.0,4470905.0,10277604.0,80792063.0,838115.0,2789406.0,339499943.0,3013554.0,5711472.0,420292006.0,34374198.0,14861004.0,8500878.0,222983647.0,43942966.0,34374198.0,232982675.0,13278753.0,108150.0,0.0,3372105.0,3,15,3555.66666667,101.7,8087,17.1,7.1,9.4,12021.3,3301.6,13.0,1029.1,146.0,1219.1,105.1,36.1644,28.4,10.5,17.9,7.4,-1.5,34.7,1071.8,0,0,0,0,0,0,0,0,2009,-100.0,-100.0,-100.0,-100.0,-100.0,-10.0,-10.0,-10.0,-10000.0,-100.0
599215239.0,65403164.0,106517877.0,123596.0,10336571.0,59328.0,315046.0,4504787.0,9767128.0,76845714.0,864204.0,3044894.0,325342028.0,1348058.0,6786067.0,402187742.0,33641856.0,14008667.0,9830961.0,234384089.0,46795933.0,33641856.0,224804833.0,10519495.0,58400.0,0.0,3689475.0,4,16,2849.0,101.3,8755,18.1,6.9,9.5,12111.7,3278.3,12.5,1051.5,13.4,1729.9,102.9,33.9032,32.0,13.5,18.6,5.1,4.4,3.0,1151.2,0,0,0,0,0,0,0,0,2009,-100.0,-100.0,-100.0,-100.0,-100.0,-10.0,-10.0,-10.0,-10000.0,-100.0
558344039.0,42211954.0,100607054.0,122517.0,11285545.0,59328.0,315046.0,4575056.0,8760474.0,74107218.0,850475.0,3332403.0,316299847.0,1347789.0,8163152.0,390407065.0,34304805.0,14386987.0,11495555.0,224389759.0,39231415.0,34304805.0,193088494.0,11467390.0,61700.0,0.0,3279142.0,5,17,2849.0,100.7,7926,18.0,6.7,10.2,12339.1,3410.1,12.0,1112.8,-301.4,2221.2,102.4,32.974000000000004,35.3,14.5,20.8,6.3,-1.4,7.7,1151.1,0,0,0,0,0,0,0,0,2009,-100.0,-100.0,-100.0,-100.0,-100.0,-10.0,-10.0,-10.0,-10000.0,-100.0
557166552.0,78856819.0,80461836.0,122500.0,13937334.0,59328.0,315046.0,4509516.0,8757850.0,70455190.0,864787.0,3777869.0,299691133.0,1540997.0,8678412.0,370146323.0,34092367.0,14342294.0,12456281.0,247524081.0,44367889.0,34092367.0,173087614.0,14119162.0,72000.0,0.0,2315571.0,6,18,2849.0,100.6,8779,18.0,6.5,8.5,12861.1,3461.9,11.5,1084.5,-433.9,2640.5,100.6,30.7441,35.8,14.7,21.0,8.8,-0.6,-3.1,1174.8,0,0,0,0,0,0,0,0,2009,-100.0,-100.0,-100.0,-100.0,-100.0,-10.0,-10.0,-10.0,-10000.0,-100.0
526228123.0,51617103.0,84548619.0,122517.0,11554456.0,59328.0,315046.0,4483326.0,10376341.0,68745369.0,888542.0,3948334.0,294406018.0,883158.0,16395162.0,363151387.0,34975496.0,14683148.0,20343496.0,227665139.0,39473510.0,34975496.0,165204412.0,11736301.0,78450.0,0.0,1455995.0,7,19,3030.03333333,100.6,7194,19.2,6.3,8.3,13161.0,3522.5,11.0,1128.1,-668.0,3168.3,102.2,31.0385,36.4,13.8,22.6,9.1,6.3,3.0,1187.0,0,0,0,0,0,0,0,0,2009,-100.0,-100.0,-100.0,-100.0,-100.0,-10.0,-10.0,-10.0,-10000.0,-100.0
548721125.0,23429306.0,140237159.0,122546.0,8892416.0,59328.0,315046.0,4476701.0,11606516.0,67484648.0,914562.0,4125843.0,292097459.0,1604262.0,10152065.0,359582107.0,35787106.0,15246831.0,14277908.0,255441896.0,36597224.0,35787106.0,159338460.0,9074290.0,80700.0,0.0,4080747.0,8,20,3030.03333333,100.6,6478,18.9,6.2,8.3,13121.0,3550.1,10.7,1169.6,-820.8,3801.2,101.8,31.1533,39.9,15.4,24.5,6.3,-2.4,-2.9,1220.0,0,0,0,0,0,0,0,0,2009,-100.0,-100.0,-100.0,-100.0,-100.0,-10.0,-10.0,-10.0,-10000.0,-100.0
541656760.0,16831449.0,144341756.0,122567.0,16652421.0,59328.0,315046.0,4429534.0,11883813.0,66020651.0,976089.0,4454462.0,281000195.0,765667.0,11166548.0,347020846.0,35542968.0,14851089.0,15621010.0,250673755.0,42196117.0,35542968.0,155804756.0,16834316.0,93050.0,0.0,4580650.0,9,21,3030.03333333,100.0,5557,18.3,6.0,7.8,13305.0,3506.6,10.0,1193.8,-1064.4,4427.0,101.4,31.8397,42.3,15.9,26.4,10.5,-2.6,-3.9,1238.3,0,0,0,0,0,0,0,0,2009,-100.0,-100.0,-100.0,-100.0,-100.0,-10.0,-10.0,-10.0,-10000.0,-100.0
522372291.0,18454299.0,138145932.0,122523.0,17834760.0,59328.0,315046.0,4376628.0,10182879.0,63306360.0,1018189.0,4520478.0,269574536.0,672646.0,12135670.0,332880896.0,34386538.0,14621193.0,16656148.0,248068895.0,39656984.0,34386538.0,145387636.0,18016611.0,113702.0,0.0,3860642.0,10,22,3340.16666667,100.0,5081,18.8,5.8,7.6,13649.5,3485.6,9.5,1118.5,-1204.8,5111.8,101.2,30.0087,42.9,15.5,27.3,11.8,2.7,3.7,1234.9,0,0,0,0,0,0,0,0,2009,-100.0,-100.0,-100.0,-100.0,-100.0,-10.0,-10.0,-10.0,-10000.0,-100.0
525427727.0,17785779.0,134611403.0,122496.0,15173814.0,59328.0,315046.0,4862888.0,11484254.0,61292256.0,1024708.0,4623439.0,279720463.0,1351736.0,12124237.0,341012719.0,34579987.0,15143770.0,16747676.0,240828504.0,37834932.0,34579987.0,146682628.0,15355638.0,125876.0,0.0,3211638.0,11,23,3340.16666667,100.0,5406,18.8,5.9,7.7,13874.7,3566.7,9.0,1124.1,-1355.7,5788.8,99.1,29.1944,46.4,17.6,28.8,11.1,-0.3,6.3,1275.6,0,0,0,0,0,0,0,0,2009,-100.0,-100.0,-100.0,-100.0,-100.0,-10.0,-10.0,-10.0,-10000.0,-100.0
533449156.0,24804989.0,122113077.0,122535.0,22090103.0,59328.0,315046.0,4880353.0,13035092.0,60486288.0,1041396.0,4753981.0,285542345.0,1130658.0,13872335.0,346028633.0,35341345.0,15283757.0,18626316.0,227413705.0,37998419.0,35341345.0,162064582.0,22271966.0,171658.0,0.0,4086116.0,12,24,3340.16666667,100.3,5047,19.2,6.2,8.2,14224.1,3600.1,8.8,1139.4,-1594.7,6446.5,99.5,29.0687,49.8,19.3,30.5,11.1,1.9,-3.2,1266.9,0,0,0,0,0,0,0,0,2009,-100.0,-100.0,-100.0,-100.0,-100.0,-10.0,-10.0,-10.0,-10000.0,-100.0
521475279.0,31961021.0,100391826.0,122502.0,21708407.0,59328.0,315046.0,4845857.0,12660488.0,59768340.0,1051450.0,4820574.0,289642464.0,820178.0,15143483.0,349410804.0,36990789.0,17267940.0,19964057.0,230140710.0,37077509.0,36990789.0,156588256.0,21890237.0,182210.0,0.0,5799474.0,1,25,3463.66666667,100.4,3565,24.0,6.2,8.2,15697.7,4038.1,8.8,1067.8,-2148.4,7336.0,100.5,30.1851,50.2,19.4,30.9,11.5,24.3,40.8,1529.9,0,0,0,0,0,0,0,0,2010,-100.0,-100.0,-100.0,-100.0,-100.0,-10.0,-10.0,-10.0,-10000.0,-100.0
508504416.0,14702926.0,100184560.0,122475.0,22695386.0,59328.0,315046.0,4793870.0,12128338.0,58748269.0,1119668.0,5083348.0,294754218.0,1399350.0,16406424.0,353502487.0,35819340.0,16281764.0,21489772.0,218638288.0,40134674.0,35819340.0,149480179.0,22877189.0,159904.0,0.0,733738.0,2,26,3463.66666667,101.6,4119,18.9,6.8,9.2,15331.0,3873.3,8.5,921.6,83.2,737.6,98.9,30.3996,55.9,21.6,34.2,12.6,-23.3,-44.9,1193.6,0,0,0,0,0,0,0,0,2010,-100.0,-100.0,-100.0,-100.0,-100.0,-10.0,-10.0,-10.0,-10000.0,-100.0
531541810.0,19496836.0,127650004.0,122412.0,23970524.0,59328.0,315046.0,4752503.0,10238129.0,57625763.0,1110651.0,5264061.0,287311265.0,1763113.0,17081431.0,344937028.0,35862569.0,16760184.0,22345492.0,227671497.0,42984764.0,35862569.0,162277759.0,24152264.0,172315.0,0.0,-658468.0,3,27,3463.66666667,100.9,4118,19.0,6.4,8.6,15565.9,3950.0,8.3,957.9,-158.7,1307.7,102.0,29.93,39.1,11.4,27.7,16.3,0.1,22.3,1163.9,0,0,0,0,0,0,0,0,2010,-100.0,-100.0,-100.0,-100.0,-100.0,-10.0,-10.0,-10.0,-10000.0,-100.0
543702382.0,9531544.0,113551176.0,122876.0,61166860.0,59328.0,314546.0,4785342.0,12532020.0,56528457.0,1157952.0,5274483.0,285110233.0,1731838.0,15141092.0,341638690.0,35754880.0,16983536.0,20415575.0,210122581.0,40951120.0,35754880.0,193975627.0,61349064.0,184946.0,0.0,2774307.0,4,28,2964.96666667,100.6,3966,20.6,6.4,8.6,15996.5,3986.1,8.0,932.8,-236.5,1953.3,101.8,29.4956,46.1,15.5,30.6,15.0,7.5,3.0,1268.2,0,0,0,0,0,0,0,0,2010,-100.0,-100.0,-100.0,-100.0,-100.0,-10.0,-10.0,-10.0,-10000.0,-100.0
538400953.0,13731578.0,104121444.0,122842.0,58897921.0,59328.0,314546.0,4718047.0,10433668.0,56369822.0,1160989.0,5303856.0,289631757.0,1528541.0,14824288.0,346001579.0,36787267.0,18132629.0,20128144.0,205948151.0,36010075.0,36787267.0,188733760.0,59080091.0,196946.0,0.0,2040059.0,5,29,2964.96666667,100.3,3240,20.4,6.1,8.2,16435.0,4181.0,7.8,965.0,-367.2,2618.3,103.2,29.1537,52.8,18.8,34.0,15.2,-1.3,8.8,1280.3,0,0,0,0,0,0,0,0,2010,-100.0,-100.0,-100.0,-100.0,-100.0,-10.0,-10.0,-10.0,-10000.0,-100.0
544391074.0,19967098.0,90017894.0,122806.0,63807322.0,59328.0,314546.0,4529321.0,13941131.0,57313626.0,1173794.0,5466929.0,294318002.0,1259493.0,15260177.0,351631628.0,37653758.0,18316478.0,20727106.0,216529433.0,46356794.0,37653758.0,183332695.0,63989456.0,207771.0,0.0,2649005.0,6,30,2964.96666667,100.5,3238,20.3,5.6,7.3,16813.9,4240.3,7.8,937.9,-406.6,3195.7,102.7,30.74,52.7,19.2,33.5,14.3,-0.8,-6.7,1317.6,0,0,0,0,0,0,0,0,2010,-100.0,-100.0,-100.0,-100.0,-100.0,-10.0,-10.0,-10.0,-10000.0,-100.0
562752323.0,16579973.0,104777825.0,122825.0,68894181.0,59328.0,314546.0,4569777.0,10712433.0,58010716.0,1234383.0,5748074.0,298710719.0,1404105.0,16125094.0,356721435.0,38141663.0,19323916.0,21873168.0,218695936.0,49774924.0,38141663.0,200397344.0,69076334.0,220765.0,0.0,2032255.0,7,31,3181.53333333,100.4,3060,21.8,5.2,6.8,17190.3,4367.7,7.8,973.6,-344.7,3995.4,96.9,31.2554,51.2,19.4,31.8,12.5,7.1,4.9,1336.6,0,0,0,0,0,0,0,0,2010,-100.0,-100.0,-100.0,-100.0,-100.0,-10.0,-10.0,-10.0,-10000.0,-100.0
562377628.0,18568232.0,100520680.0,356363.0,69538985.0,59328.0,314546.0,4447473.0,10824018.0,58068019.0,1257935.0,5737184.0,299679984.0,1302725.0,15804540.0,357748003.0,37708407.0,20039275.0,21541724.0,224549246.0,55654252.0,37708407.0,196814650.0,69954676.0,233878.0,0.0,3450581.0,8,32,3181.53333333,100.4,3398,21.3,5.4,7.0,17330.1,4467.3,7.8,966.7,-426.2,4659.2,100.7,30.1861,52.0,19.6,32.4,12.8,-2.5,0.0,1380.8,0,0,0,0,0,0,0,0,2010,-100.0,-100.0,-100.0,-100.0,-100.0,-10.0,-10.0,-10.0,-10000.0,-100.0
551868494.0,13014022.0,96814417.0,356352.0,68824317.0,59328.0,314546.0,4399108.0,10445743.0,58891629.0,1324814.0,5789002.0,298749032.0,1547426.0,13844113.0,357640661.0,36745000.0,19485259.0,19633115.0,206839137.0,42175413.0,36745000.0,208581908.0,69239997.0,220880.0,0.0,5405097.0,9,33,3181.53333333,100.6,3350,20.8,5.2,6.9,17663.8,4477.8,7.8,944.0,-515.5,5301.2,103.3,30.8669,52.4,21.0,31.4,10.4,-3.2,-5.4,1414.6,0,0,0,0,0,0,0,0,2010,-100.0,-100.0,-100.0,-100.0,-100.0,-10.0,-10.0,-10.0,-10000.0,-100.0
570891817.0,19177302.0,132197387.0,355024.0,33430017.0,59328.0,315952.0,4310790.0,10701109.0,59705254.0,1372972.0,5894153.0,310639654.0,1743689.0,13241101.0,370344908.0,36690570.0,19919066.0,19135254.0,206550177.0,46372153.0,36690570.0,216821526.0,33844369.0,5213800.0,5000000.0,5749500.0,10,34,3467.96666667,100.8,3202,21.0,5.0,6.6,17909.2,4524.5,7.8,945.8,-562.3,6007.0,98.7,30.5126,55.7,23.8,31.8,8.0,0.4,0.2,1408.4,0,0,0,0,0,0,0,0,2010,-100.0,-100.0,-100.0,-100.0,-100.0,-10.0,-10.0,-10.0,-10000.0,-100.0
605682865.0,22931307.0,131773007.0,355024.0,46931993.0,59328.0,315989.0,4271069.0,14042322.0,60766224.0,1405815.0,6050422.0,324236602.0,1972834.0,11990768.0,385002826.0,37183023.0,20512936.0,18041190.0,208827652.0,42904236.0,37183023.0,233072372.0,47346345.0,6459322.0,5000000.0,7855907.0,11,35,3467.96666667,100.5,3062,21.0,5.1,6.8,18099.7,4590.0,7.8,996.7,-609.4,6722.2,102.2,30.7738,57.9,23.5,34.4,10.8,-0.7,5.0,1462.6,0,0,0,0,0,0,0,0,2010,-100.0,-100.0,-100.0,-100.0,-100.0,-10.0,-10.0,-10.0,-10000.0,-100.0
617424887.0,13941250.0,146650590.0,355024.0,38424269.0,59328.0,315960.0,4240847.0,14986046.0,62223380.0,1459867.0,6170655.0,336228193.0,1883297.0,10649345.0,398451573.0,37103670.0,20642346.0,16820000.0,212855609.0,49021252.0,37103670.0,254508272.0,38838621.0,15220456.0,15000000.0,9241750.0,12,36,3467.96666667,100.8,3227,21.5,5.0,6.7,18529.4,4621.5,7.8,985.6,-724.6,7432.4,104.4,31.3335,59.4,24.7,34.7,10.1,1.7,-0.2,1470.9,0,0,0,0,0,0,0,0,2010,-100.0,-100.0,-100.0,-100.0,-100.0,-10.0,-10.0,-10.0,-10000.0,-100.0
684030299.0,37181516.0,193370131.0,355024.0,35639447.0,59328.0,315918.0,4698677.0,15236152.0,63165348.0,1399655.0,5938315.0,334008758.0,1665602.0,10026207.0,397174106.0,40149259.0,23088983.0,15964522.0,234917085.0,54585130.0,40149259.0,241818816.0,36053799.0,15215077.0,15000000.0,10845502.0,1,37,3639.6,101.1,2400,28.0,5.4,7.2,20011.9,5062.7,7.8,992.4,-1600.4,8298.9,101.0,30.3505,60.2,24.7,35.5,10.8,29.0,39.1,1771.1,0,0,0,0,0,0,0,0,2011,-100.0,-100.0,-100.0,-100.0,-100.0,-10.0,-10.0,-10.0,-10000.0,-100.0
635986911.0,11729086.0,165440514.0,355024.0,41890924.0,59328.0,315929.0,5340518.0,15959055.0,62918487.0,1489395.0,5959192.0,331978046.0,2077144.0,9851428.0,394896533.0,38793416.0,21847517.0,15810620.0,241586170.0,50751343.0,38793416.0,235837976.0,42305276.0,15202218.0,15000000.0,1492289.0,2,38,3639.6,102.4,2781,20.7,5.8,7.8,19307.7,4830.7,8.0,1061.2,147.0,799.7,102.2,29.8018,69.7,27.1,42.7,15.6,-27.2,-47.0,1360.9,0,0,0,0,0,0,0,0,2011,16.17,16.17,16.17,0.15,0.45,78.98,76.81,94.2,124.7,0.0
620313241.0,8318645.0,158966461.0,355024.0,48127759.0,59328.0,315907.0,5629389.0,15695733.0,62908697.0,1405755.0,6117459.0,319936298.0,2410750.0,9995346.0,382844995.0,39198199.0,22216511.0,16112805.0,215095367.0,47389410.0,39198199.0,243998568.0,48542111.0,15178041.0,15000000.0,2287854.0,3,39,3639.6,100.8,3029,20.7,5.7,7.6,19536.7,4898.0,8.0,1006.0,102.7,1505.2,103.4,28.9028,46.7,16.3,30.3,14.0,-0.9,23.0,1354.1,0,0,0,0,0,0,0,0,2011,16.67,16.67,16.67,0.16,0.44,77.46,59.52,94.25,130.55,0.0
637312475.0,12793763.0,179342539.0,355024.0,36826004.0,59328.0,315907.0,5678878.0,21247744.0,63816215.0,1486501.0,6037101.0,316877073.0,2465713.0,9643529.0,380693288.0,40061260.0,23080638.0,15680630.0,234526098.0,57433947.0,40061260.0,237291519.0,37240356.0,15150279.0,15000000.0,2533636.0,4,40,4418.43333333,100.6,2725,22.7,5.4,7.1,19788.7,4918.2,8.3,1085.3,204.3,2391.3,101.4,28.5162,61.1,21.8,39.2,17.4,8.9,0.3,1465.1,0,0,0,0,0,0,0,0,2011,14.97,14.97,14.97,0.25,0.49,72.11,66.86,97.6,135.33,0.0
639540303.0,24519811.0,150627268.0,355024.0,48239392.0,59328.0,315934.0,5613618.0,16593725.0,64877740.0,1462027.0,5977569.0,328338463.0,3288519.0,9328280.0,393216203.0,40929177.0,23941678.0,15305849.0,228519612.0,56049378.0,40929177.0,240291924.0,48653744.0,15127248.0,15000000.0,5135502.0,5,41,4418.43333333,100.4,2779,22.5,5.4,7.2,20020.8,5071.3,8.3,1108.2,225.9,3340.0,102.0,27.3348,70.6,26.9,43.6,16.7,-1.1,9.6,1484.7,0,0,0,0,0,0,0,0,2011,15.06,15.06,15.06,0.23,0.47,85.66,61.63,97.92,155.84,0.0
670230889.0,11650551.0,154782232.0,3565253.0,57574064.0,59328.0,315909.0,5577789.0,26295021.0,66418625.0,1535152.0,6020852.0,343992117.0,3370835.0,9399822.0,410410742.0,41326156.0,23895405.0,15420674.0,231458450.0,65401950.0,41326156.0,261297081.0,61198645.0,15117469.0,15000000.0,8807440.0,6,42,4418.43333333,100.5,2632,22.8,4.9,6.4,20160.9,5079.8,8.3,1076.5,454.7,4197.8,101.1,27.9805,73.0,27.1,45.9,18.8,0.5,-9.3,1532.2,0,0,0,0,0,0,0,0,2011,15.22,15.22,15.22,0.22,4.58,58.12,62.5,98.46,155.5,0.0
684967857.0,20608388.0,175323575.0,13271823.0,36980643.0,59328.0,315920.0,5574317.0,18826892.0,67905548.0,1567185.0,5983409.0,346101423.0,3107409.0,10099491.0,414006971.0,42887518.0,25104848.0,16082900.0,210342405.0,49397395.0,42887518.0,261053167.0,50311794.0,15546400.0,15000000.0,8298372.0,7,43,4781.76666667,100.2,2430,24.1,4.6,6.1,20721.9,5192.2,8.3,1075.9,748.4,5304.2,97.8,27.8726,71.8,28.2,43.6,15.5,5.7,10.7,1551.4,0,0,0,0,0,0,0,0,2011,15.02,15.02,15.02,0.22,17.11,76.98,64.44,96.66,168.26,0.0
743554063.0,15490627.0,238687295.0,13271823.0,36622126.0,59328.0,315893.0,5522824.0,20336896.0,69139985.0,1576785.0,5907618.0,344107266.0,3707450.0,11260794.0,413247251.0,43003721.0,25078756.0,17168412.0,272599520.0,47509231.0,43003721.0,248767481.0,49953277.0,15515000.0,15000000.0,9806000.0,8,44,4781.76666667,100.0,2570,23.6,5.0,6.5,20828.1,5306.6,8.3,1079.6,857.6,6234.1,99.0,27.5204,71.9,27.7,44.2,16.4,-2.2,-0.8,1599.2,0,0,0,0,0,0,0,0,2011,14.68,14.68,14.68,0.22,16.91,90.58,61.43,92.97,145.89,0.0
808947366.0,14358269.0,318978984.0,13271823.0,27720494.0,59328.0,315919.0,6088387.0,20410121.0,71583170.0,1639935.0,5963023.0,336160871.0,3417147.0,11603725.0,407744041.0,43189352.0,24772241.0,17566748.0,355745553.0,68202545.0,43189352.0,239054453.0,41051645.0,15515000.0,15000000.0,11675282.0,9,45,4781.76666667,99.8,2339,23.1,4.7,6.1,21061.9,5343.0,8.3,1189.5,923.2,7220.4,104.6,28.9278,69.5,27.5,42.0,14.5,-1.9,-4.6,1652.6,0,0,0,0,0,0,0,0,2011,14.42,14.42,14.42,0.21,16.44,85.8,66.67,95.64,132.18,0.0
912525713.0,32202708.0,377700737.0,14460490.0,25346506.0,59328.0,1161972.0,7135048.0,22398654.0,74847706.0,1705846.0,6247175.0,357212564.0,3112334.0,12189842.0,432060270.0,44898261.0,25757607.0,18437017.0,358737382.0,71201248.0,44898261.0,316965669.0,39866324.0,20515000.0,20000000.0,13508649.0,10,46,5205.03333333,100.0,2389,23.5,4.6,6.0,21480.4,5420.4,8.3,1165.1,1303.2,8211.1,99.3,32.11,74.7,30.2,44.5,14.4,1.8,2.7,1643.2,0,0,0,0,0,0,0,0,2011,13.5,13.5,13.5,0.21,16.2,60.17,60.96,98.69,159.47,0.0
848862439.0,30133456.0,291427927.0,14460490.0,23932281.0,59328.0,1161938.0,7097714.0,22672296.0,76462179.0,1698902.0,6233448.0,381454830.0,3181716.0,11881451.0,457917009.0,44637854.0,25135216.0,18114899.0,316892883.0,54221370.0,44637854.0,289931020.0,38452099.0,20510000.0,20000000.0,13992060.0,11,47,5205.03333333,100.5,2427,23.6,4.8,6.4,21366.7,5420.1,8.3,1200.5,1625.8,9241.2,101.7,30.1245,71.4,27.6,43.8,16.3,0.1,1.0,1701.3,0,0,0,0,0,0,0,0,2011,13.29,13.29,13.29,0.21,15.64,64.86,70.43,102.04,173.32,0.0
844319437.0,12998809.0,289408193.0,14460490.0,32234994.0,59328.0,1161919.0,7107511.0,24715630.0,79743276.0,1800845.0,6317301.0,382429287.0,3088253.0,12073380.0,462172563.0,45291401.0,25658889.0,18390681.0,330734671.0,53724703.0,45291401.0,270547114.0,46754812.0,20500000.0,20000000.0,15829485.0,12,48,5205.03333333,100.4,2188,24.3,4.8,6.3,21920.0,5475.2,8.0,1205.6,1580.7,10165.1,101.6,31.4001,75.4,29.4,46.0,16.6,2.5,2.2,1693.9,0,0,0,0,0,0,0,0,2011,13.1,13.1,13.1,0.21,15.32,81.09,62.47,103.37,165.79,0.0
894251608.0,30611874.0,319146912.0,13271823.0,32786637.0,59328.0,911481.0,7116528.0,23970771.0,83094910.0,1752380.0,6333352.0,383281344.0,2584539.0,10617390.0,466376254.0,50500571.0,28373199.0,16950742.0,358751461.0,48879779.0,50500571.0,280665221.0,46117788.0,25500000.0,25000000.0,17374628.0,1,49,5494.13333333,100.4,1766,32.8,4.6,6.1,24204.8,5938.6,8.0,1203.5,679.2,11352.2,100.2,31.8729,77.7,30.4,47.3,16.9,34.4,44.3,2044.0,0,0,0,0,0,0,0,0,2012,12.54,12.54,12.54,0.23,13.89,108.95,66.39,98.28,160.78,0.0
889824400.0,25760481.0,317156489.0,13271823.0,41583499.0,59328.0,911424.0,8843413.0,35269760.0,82623269.0,1879671.0,6259495.0,364344914.0,3208152.0,10295271.0,446968183.0,47543240.0,26305167.0,16554766.0,357275514.0,53068979.0,47543240.0,274835370.0,54914650.0,25500000.0,25000000.0,2158767.0,2,50,5494.13333333,100.5,1954,23.7,4.8,6.6,23349.1,5670.7,8.0,1158.7,13.3,1056.1,99.8,30.3131,82.0,30.7,51.3,20.6,-27.8,-48.3,1524.5,0,0,0,0,0,0,0,0,2012,12.43,12.43,12.43,0.22,15.14,129.29,81.4,99.73,164.43,0.0
856073720.0,35075825.0,269876152.0,13271823.0,45235069.0,59328.0,911388.0,8801170.0,35294315.0,83809371.0,1883861.0,6125992.0,363739279.0,3711782.0,10289271.0,447548650.0,47710746.0,26501524.0,16415263.0,367988857.0,65592643.0,47710746.0,270512224.0,58566220.0,25500000.0,25000000.0,2270900.0,3,51,5494.13333333,100.4,1805,24.0,4.7,6.5,23542.5,5713.0,8.0,1208.3,-182.8,1865.8,101.1,29.0253,58.6,19.1,39.5,20.4,0.8,25.5,1524.4,0,0,0,0,0,0,0,0,2012,12.14,12.14,12.14,0.22,15.45,105.66,84.03,97.67,172.66,0.0
842647284.0,16770044.0,279515123.0,13271823.0,42926616.0,59328.0,911392.0,8741644.0,33486142.0,86244900.0,1995593.0,6251490.0,360720272.0,3535501.0,10696359.0,446965172.0,49505307.0,27474187.0,16947849.0,343427994.0,55888870.0,49505307.0,271276257.0,56257767.0,35500000.0,35000000.0,3225254.0,4,52,4651.53333333,100.6,2030,25.5,4.7,6.5,23747.8,5704.3,8.0,1222.8,-9.9,2963.6,102.1,29.3479,69.6,24.7,45.0,20.3,5.7,0.0,1640.8,0,0,0,0,0,0,0,0,2012,12.47,12.47,12.47,0.22,15.24,113.39,74.68,88.69,181.78,0.0
848557786.0,22127932.0,267534794.0,13271823.0,47960467.0,59328.0,912789.0,8697420.0,34129717.0,89024778.0,1997278.0,6325639.0,364838738.0,4215780.0,8885482.0,453863516.0,52179738.0,28088710.0,15211121.0,351961534.0,56475807.0,52179738.0,259012997.0,61291618.0,35500000.0,35000000.0,4273163.0,5,53,4651.53333333,100.3,1915,25.8,4.2,5.8,23923.8,5831.5,8.0,1251.1,58.7,4065.7,100.6,29.3708,75.1,28.4,46.7,18.3,0.9,7.6,1650.1,0,0,0,0,0,0,0,0,2012,12.41,12.41,12.41,0.21,15.12,99.07,69.95,85.27,195.01,0.0
872368646.0,13075399.0,278482851.0,13271823.0,46023415.0,59328.0,912909.0,8675061.0,33388246.0,92840657.0,2179997.0,6631489.0,385638957.0,4604402.0,9099872.0,478479614.0,54009018.0,28309624.0,15731361.0,366188047.0,56114090.0,54009018.0,266400282.0,59354566.0,35515427.0,35000000.0,4905074.0,6,54,4651.53333333,100.5,1915,26.4,4.0,5.4,24036.3,5856.4,8.0,1206.8,248.6,5082.3,97.6,32.9173,71.7,26.8,44.9,18.1,1.9,-5.7,1712.9,0,0,0,0,0,0,0,0,2012,12.24,12.24,12.24,0.2,14.46,67.65,72.69,87.61,195.98,0.0
856769057.0,16412105.0,265514701.0,12022322.0,46797355.0,59328.0,912961.0,8628100.0,33479597.0,95609583.0,2205956.0,6714725.0,377333005.0,4992979.0,8275407.0,472942588.0,55418172.0,29545608.0,14990132.0,338708349.0,60051996.0,55418172.0,276508999.0,58879005.0,35515660.0,35000000.0,7171951.0,7,55,4987.0,100.9,1974,27.5,4.0,5.4,24461.0,6003.9,8.0,1188.7,402.9,6199.9,99.1,32.5287,73.6,28.1,45.5,17.3,3.3,13.0,1749.2,0,0,0,0,0,0,0,0,2012,12.26,12.26,12.26,0.2,12.7,56.72,73.29,92.33,186.08,0.0
867797048.0,38214416.0,257358258.0,7747322.0,47965812.0,59328.0,912845.0,8591641.0,34360441.0,97741453.0,2310228.0,6603550.0,374845532.0,5650956.0,7969749.0,472586985.0,54101170.0,28937642.0,14573299.0,362685999.0,59248451.0,54101170.0,263328981.0,55772462.0,35515302.0,35000000.0,12169370.0,8,56,4987.0,101.2,2161,26.7,4.0,5.4,24306.3,5976.3,8.0,1254.0,467.2,7247.6,98.9,32.2058,67.8,27.0,40.8,13.9,-4.0,-7.1,1794.1,0,0,0,0,0,0,0,0,2012,12.29,12.29,12.29,0.19,7.8,72.4,71.48,95.8,168.01,0.0
871395359.0,27526266.0,272400121.0,7747322.0,47894492.0,59328.0,912914.0,8543489.0,32995294.0,100507095.0,2506322.0,6808283.0,372809038.0,4767205.0,8447803.0,473316133.0,54764986.0,29171630.0,15256086.0,361311941.0,59365742.0,54764986.0,268773946.0,55701142.0,35520823.0,35000000.0,13315792.0,9,57,4987.0,100.1,2168,25.7,3.8,5.2,24284.2,5980.0,8.3,1252.0,751.0,8353.8,101.9,32.5669,70.9,29.7,41.2,11.5,-3.7,2.4,1848.7,0,0,0,0,0,0,0,0,2012,12.19,12.19,12.19,0.19,7.69,54.4,88.37,93.66,167.23,0.0
778753259.0,26913623.0,172551172.0,7747322.0,53052315.0,59328.0,912891.0,8513190.0,35530869.0,102337159.0,2534197.0,6782391.0,371135390.0,5014688.0,8926002.0,473472549.0,54782265.0,28586691.0,15708393.0,344603548.0,57110650.0,54782265.0,170454588.0,60858965.0,35525083.0,35000000.0,15077017.0,10,58,5367.43333333,100.6,2234,26.0,3.8,5.2,24437.8,5969.2,8.3,1216.8,910.1,9384.5,104.8,31.2538,71.2,29.9,41.2,11.3,0.5,-0.5,1849.6,0,0,0,0,0,0,0,0,2012,12.81,12.81,12.81,0.2,7.56,74.58,72.89,94.09,163.55,0.0
808958535.0,29107546.0,178168635.0,7747322.0,52818775.0,59328.0,912927.0,8474952.0,35551089.0,106137380.0,2702547.0,6881728.0,389980581.0,5411209.0,8346522.0,496117961.0,55467775.0,29238605.0,15228250.0,336223258.0,60003524.0,55467775.0,193846602.0,60625425.0,45530255.0,45000000.0,16604761.0,11,59,5367.43333333,100.5,2290,26.8,3.9,5.3,24444.8,5931.3,8.3,1236.0,1010.3,10455.4,98.4,31.3743,70.5,27.4,43.1,15.7,2.6,0.0,1904.5,0,0,0,0,0,0,0,0,2012,13.65,13.65,13.65,0.18,6.95,49.84,61.85,97.69,163.12,0.0
830703742.0,30295930.0,194873817.0,7747322.0,52037586.0,59328.0,912891.0,8791751.0,38136460.0,108937487.0,2796399.0,6828898.0,388911170.0,6988965.0,8142837.0,497848657.0,56151491.0,29558139.0,14971735.0,366214467.0,63836027.0,56151491.0,181243653.0,59844236.0,40004878.0,39470212.0,17258941.0,12,60,5367.43333333,100.3,2348,27.4,3.9,5.4,24741.0,5975.4,8.3,1260.0,1087.8,11406.8,98.8,30.811,78.7,32.2,46.5,14.4,2.1,7.4,1900.3,0,0,0,0,0,0,0,0,2012,13.64,13.64,13.64,0.18,6.92,69.94,73.06,100.51,160.63,0.0
886111726.0,50222114.0,229390708.0,7747322.0,56400946.0,59328.0,912893.0,8809781.0,40193947.0,111509913.0,2793205.0,6683611.0,380864774.0,5707167.0,8219996.0,492374687.0,60023190.0,32421179.0,14903607.0,386924661.0,53268524.0,60023190.0,178619507.0,64207596.0,40060598.0,39520212.0,18802763.0,1,61,5593.46666667,100.5,1560,36.5,3.8,5.3,27164.6,6430.1,8.3,1257.7,307.2,12858.3,98.9,30.4215,75.9,30.6,45.3,14.7,32.1,39.5,2295.4,0,0,0,0,0,0,0,0,2013,13.25,13.25,13.25,0.17,6.89,85.76,84.55,95.1,149.74,0.0
744457903.0,35715141.0,100508125.0,7747322.0,56655166.0,59328.0,912913.0,10511638.0,35545498.0,112522175.0,3153161.0,6775124.0,384280597.0,6788857.0,8718152.0,496802772.0,57720304.0,29795452.0,15493276.0,295136936.0,64076312.0,57720304.0,173773041.0,64461816.0,39560618.0,39520212.0,-90621.0,2,62,5593.46666667,101.0,2296,26.8,4.5,6.0,26348.7,6078.9,8.3,1168.4,-52.6,1091.2,99.6,30.0161,80.1,31.9,48.3,16.4,-27.3,-50.6,1710.7,0,0,0,0,0,0,0,0,2013,12.53,12.53,12.53,0.18,7.01,56.25,67.97,89.22,141.89,0.0
800735164.0,38850169.0,141587311.0,7747322.0,54856094.0,59328.0,912880.0,10461611.0,35645789.0,114566206.0,3182752.0,6824940.0,396048454.0,6371538.0,8007614.0,510614660.0,59632389.0,30701107.0,14832554.0,334563692.0,60892501.0,59632389.0,162564771.0,62662744.0,59560596.0,59520212.0,1697699.0,3,63,5593.46666667,100.6,2404,26.6,4.3,5.8,26768.4,6140.9,8.3,1188.4,-192.7,1980.1,100.8,30.5124,60.6,21.7,38.8,17.1,-1.0,33.0,1690.3,0,0,0,0,0,0,0,0,2013,13.28,13.28,13.28,0.17,6.67,103.6,86.54,82.87,147.78,0.0
777744489.0,64060767.0,100751691.0,7747322.0,44191310.0,0.0,912853.0,10388506.0,36244020.0,116706684.0,3469845.0,6858609.0,396741336.0,7332195.0,7801965.0,513448020.0,61245463.0,31842391.0,14660574.0,323144590.0,61153635.0,61245463.0,124692230.0,51938632.0,59560530.0,59520212.0,2423310.0,4,64,4679.8,100.3,2568,28.7,4.3,5.7,27198.6,6181.4,8.3,1150.9,-20.6,3100.8,100.5,31.1093,68.3,26.5,41.9,15.4,7.5,2.8,1840.3,0,0,0,0,0,0,0,0,2013,13.35,13.35,13.35,0.17,6.66,116.69,89.65,79.28,147.86,0.0
814184970.0,47546690.0,149005876.0,7747322.0,37577426.0,0.0,912935.0,10326613.0,35120215.0,119310895.0,3663328.0,6877188.0,406636998.0,7006738.0,7954462.0,525947893.0,64362521.0,33218502.0,14831650.0,354667454.0,71011018.0,64362521.0,140698111.0,45324748.0,68938180.0,59520212.0,3252102.0,5,65,4679.8,100.5,2517,30.0,4.2,5.6,27377.1,6353.5,8.3,1366.5,-65.0,4223.4,98.8,31.0433,72.8,28.4,44.5,16.1,4.2,7.0,1850.3,0,0,0,0,0,0,0,0,2013,13.42,13.42,13.42,0.16,6.66,123.12,94.03,81.58,123.71,0.0
812419179.0,36389436.0,161448825.0,7747322.0,40999918.0,0.0,912944.0,10297156.0,33080806.0,120814252.0,3905470.0,6960237.0,400728520.0,7597530.0,8045253.0,521542772.0,63825840.0,32964726.0,15005490.0,359194083.0,75188594.0,63825840.0,144235441.0,48747240.0,69038442.0,59520212.0,4283921.0,6,66,4679.8,101.2,2295,29.7,3.9,5.2,27593.4,6348.8,8.3,1376.8,271.3,5114.6,99.0,31.7979,74.3,29.8,44.5,14.6,-1.6,-13.3,1902.3,0,0,0,0,0,0,0,0,2013,13.67,13.67,13.67,0.17,6.6,140.78,88.51,79.04,118.98,0.0
796821583.0,29492700.0,141161551.0,7581603.0,46129523.0,0.0,913076.0,10244664.0,36765212.0,123168099.0,3989123.0,7262414.0,401365155.0,7477115.0,9071543.0,524533254.0,66253348.0,34904106.0,16333957.0,331340820.0,73015333.0,66253348.0,134884898.0,53711126.0,69426450.0,59520212.0,5081581.0,7,67,5043.66666667,100.4,2537,31.0,4.1,5.4,28212.3,6470.3,8.3,1431.1,482.8,6256.5,100.4,32.8517,67.3,26.4,41.0,14.6,3.9,15.1,1940.2,0,0,0,0,0,0,0,0,2013,14.14,14.14,14.14,0.16,6.39,60.49,83.01,75.32,121.7,0.0
824359297.0,22699136.0,160588711.0,7581603.0,49736947.0,0.0,913130.0,10204600.0,42594746.0,125507153.0,4238715.0,7344880.0,404533271.0,7105331.0,9500672.0,530040424.0,66518542.0,34676059.0,16845552.0,331601511.0,74542993.0,66518542.0,166326273.0,57318550.0,69431005.0,59520212.0,6842372.0,8,68,5043.66666667,100.8,2526,30.2,4.0,5.3,28443.9,6480.1,8.3,1432.9,438.0,7329.0,102.0,33.033,70.1,28.2,41.8,13.6,-3.2,-4.9,1991.2,0,0,0,0,0,0,0,0,2013,13.1,13.1,13.1,0.17,6.6,83.44,79.86,73.2,144.44,0.0
811946579.0,22903821.0,141982403.0,7581603.0,50216435.0,0.0,67164.0,10214796.0,35908007.0,128317701.0,4400057.0,7540903.0,414754649.0,7839515.0,9680094.0,543072350.0,66715420.0,34229695.0,17220997.0,319242586.0,67779641.0,66715420.0,150526219.0,57798038.0,59548646.0,59520212.0,10508446.0,9,69,5043.66666667,100.1,2679,29.2,4.0,5.2,28499.9,6509.8,5.5,1397.2,636.2,8417.2,102.8,33.2522,74.0,30.3,43.7,13.5,-3.2,2.1,2041.1,0,0,0,0,0,0,0,0,2013,14.13,14.13,14.13,0.15,6.07,84.14,85.3,77.23,104.03,0.0
813566227.0,31878712.0,140142480.0,7581603.0,49515731.0,0.0,67133.0,10144919.0,36287940.0,131332751.0,4533583.0,7511511.0,406614958.0,6680113.0,9288098.0,537947709.0,66352026.0,33259386.0,16799609.0,309029869.0,67376896.0,66352026.0,157638076.0,57097334.0,44753245.0,44725091.0,12367578.0,10,70,5429.86666667,100.2,3169,29.3,4.0,5.3,28352.6,6414.4,5.5,1358.7,891.6,9603.6,101.4,32.4839,70.9,28.4,42.5,14.2,0.2,-3.8,2019.7,0,0,0,0,0,0,0,0,2013,14.13,14.13,14.13,0.15,5.98,79.67,73.28,83.97,108.0,0.0
791869516.0,24857955.0,125663854.0,7581603.0,47757677.0,0.0,67162.0,10177176.0,35083873.0,135496794.0,4717223.0,7525860.0,405183422.0,6597909.0,9059235.0,540680216.0,66862993.0,33581830.0,16585095.0,275840065.0,72221918.0,66862993.0,174906390.0,55339280.0,44754009.0,44725591.0,13600854.0,11,71,5429.86666667,100.6,2999,30.1,4.1,5.5,28276.4,6419.0,5.5,1453.2,930.2,10739.8,98.8,32.0758,73.5,28.7,44.8,16.1,1.9,4.8,2083.1,0,0,0,0,0,0,0,0,2013,14.55,14.55,14.55,0.15,5.92,62.62,73.35,83.07,96.08,0.0
860744791.0,26354252.0,192184475.0,4708.0,51692042.0,0.0,67228.0,10160721.0,37581056.0,138591985.0,4741656.0,7729919.0,404108324.0,6295866.0,10992098.0,542700309.0,68512497.0,35380448.0,18722017.0,359323085.0,70797067.0,68512497.0,153025240.0,51696750.0,54725591.0,54725591.0,18704822.0,12,72,5429.86666667,100.6,2893,30.3,4.1,5.4,28873.3,6564.1,5.5,1468.4,928.7,11758.2,98.5,33.1482,74.1,30.7,43.5,12.8,0.8,4.0,2099.5,0,0,0,0,0,0,0,0,2013,14.53,14.53,14.53,0.15,0.0,160.88,97.27,82.77,102.25,0.0
926606774.0,59625645.0,218119048.0,4708.0,67761062.0,0.0,67226.0,10190044.0,40052513.0,143020471.0,4790146.0,7745443.0,387766057.0,5102444.0,9317926.0,530786528.0,73011858.0,36459351.0,17063369.0,399500401.0,62319989.0,73011858.0,152365589.0,67765770.0,49725592.0,49725592.0,19402868.0,1,73,5709.63333333,100.5,1949,39.6,4.2,5.6,31155.6,6985.6,5.5,1476.7,49.8,13019.8,101.0,32.6587,76.6,29.8,46.8,17.0,30.2,40.8,2517.2,0,0,0,0,0,0,0,0,2014,14.51,14.51,14.51,0.18,0.0,74.62,87.6,75.98,110.93,0.0
883049714.0,44749164.0,174109973.0,4708.0,70515703.0,0.0,67446.0,10673845.0,44981500.0,144238265.0,5193987.0,8088946.0,393709110.0,6330992.0,9629855.0,537947375.0,73453697.0,37704833.0,17718801.0,323132490.0,67443246.0,73453697.0,188103155.0,70520411.0,49725592.0,49725592.0,2215293.0,2,74,5709.63333333,100.6,2487,29.5,4.2,5.6,29861.2,6663.1,5.5,1469.6,489.6,1324.4,100.4,35.18,82.0,32.5,49.5,17.0,-25.7,-52.4,1867.1,0,0,0,0,0,0,0,0,2014,14.13,11.65,11.65,0.17,0.0,57.37,96.74,73.72,111.9,0.0
883166179.0,45543353.0,163943907.0,4708.0,76214872.0,0.0,1230934.0,10593689.0,44885317.0,147356742.0,5137628.0,8259152.0,393392657.0,7060228.0,10559301.0,540749399.0,75388402.0,40243289.0,18818453.0,326001135.0,69910001.0,75388402.0,171551157.0,76219580.0,49725592.0,49725592.0,3940040.0,3,75,5709.63333333,100.7,2665,29.3,4.2,5.6,30169.0,6699.9,7.0,1429.2,107.2,2368.1,99.6,36.1847,60.6,21.0,39.6,18.6,-1.6,32.8,1871.3,0,0,0,0,0,0,0,0,2014,13.91,12.3,12.3,0.17,0.19,66.1,100.62,71.64,110.28,0.0
893189352.0,39830733.0,169907181.0,4708.0,71203785.0,0.0,1230849.0,10509743.0,43003290.0,150527597.0,5326837.0,8170710.0,406971466.0,6501836.0,9500616.0,557499063.0,74848955.0,39360197.0,17671326.0,353306214.0,77034253.0,74848955.0,147561376.0,71208493.0,49731592.0,49731592.0,5391807.0,4,76,4708.6,101.0,2569,31.5,4.0,5.4,29519.3,6608.2,7.5,1438.4,242.9,3520.8,102.3,35.6053,60.5,24.1,36.4,12.3,6.9,-3.5,2054.5,0,0,0,0,0,0,0,0,2014,13.74,12.11,12.12,0.17,0.19,108.36,104.0,72.84,98.21,0.0
878466897.0,39363945.0,135453001.0,4708.0,68658446.0,0.0,1230881.0,10324786.0,46391645.0,154275566.0,5487135.0,8197332.0,422763919.0,6390088.0,10755036.0,577039485.0,79474462.0,41903722.0,18952368.0,315283298.0,66525478.0,79474462.0,162894546.0,68663154.0,49881593.0,49881593.0,5288277.0,5,77,4708.6,101.9,2632,32.9,4.0,5.3,29879.0,6776.8,7.5,1596.9,222.7,4753.7,100.7,35.7227,74.4,27.4,47.0,19.6,3.8,15.1,2042.9,0,0,0,0,0,0,0,-1,2014,13.25,11.75,11.77,0.18,0.19,80.05,87.14,83.82,144.73,0.0
896838419.0,34287130.0,150939963.0,4708.0,68353270.0,0.0,1230713.0,10232358.0,42720093.0,156042706.0,5722290.0,8144701.0,433027478.0,5575001.0,10885317.0,589070184.0,77562646.0,39552674.0,19030018.0,341363275.0,70371598.0,77562646.0,159502499.0,68357978.0,55380905.0,55380905.0,3823684.0,6,78,4708.6,100.9,2720,32.3,3.7,4.9,29890.8,6763.1,7.5,1590.5,559.4,5881.8,100.4,34.8887,75.3,27.8,47.6,19.8,-2.9,-8.1,2095.0,0,0,0,0,0,0,0,-1,2014,13.11,11.65,11.66,0.17,0.19,73.79,89.78,93.02,147.48,0.0
947737007.0,60402843.0,167485982.0,4708.0,68331984.0,0.0,1230622.0,10148193.0,45083210.5,158113406.0,5886512.0,8072135.0,437583934.0,6262624.0,10322240.0,595697340.0,78505703.5,39821947.5,18394375.0,366275928.0,67909686.5,77438376.0,152920510.5,68336692.0,55380905.0,55380905.0,5695042.0,7,79,5108.96666667,100.6,2419,33.7,3.7,4.9,30073.1,6763.5,8.0,1797.2,850.1,7120.1,100.8,33.8434,70.2,26.1,44.0,17.9,4.1,4.4,2118.8,0,0,0,0,0,0,0,-1,2014,13.59,12.04,12.06,0.17,0.19,108.73,74.22,106.12,142.71,0.0
916955977.0,23743029.0,141374375.0,4708.0,64990968.0,0.0,1230768.0,10154942.0,47446328.0,158922155.0,6225642.0,8282558.0,469088704.0,5670936.0,11926764.0,628010859.0,79448761.0,40091221.0,20209322.0,391188581.0,65447775.0,79448761.0,146338522.0,64995676.0,55380905.0,55380905.0,5642398.0,8,80,5108.96666667,100.5,2285,32.5,3.7,4.9,30178.3,6871.2,8.0,1696.2,901.4,8254.9,101.6,35.4438,67.4,26.7,40.7,13.9,-4.1,1.4,2192.2,0,0,0,0,0,0,0,-1,2014,13.07,11.61,11.62,0.17,0.19,70.76,56.72,114.05,183.9,0.0
957930314.0,41485342.0,142196715.0,4708.0,64779708.0,0.0,1230772.0,10178809.0,49023689.0,158729398.0,6442990.0,8763019.0,490301173.0,6356420.0,11897465.0,649030571.0,80819961.0,38858595.0,20660484.0,395636056.0,67535603.0,80819961.0,161357744.0,64784416.0,65380905.0,65380905.0,9246952.0,9,81,5108.96666667,100.2,2558,30.8,3.7,4.8,30338.7,6964.1,8.0,1761.5,1188.9,9438.9,100.0,37.2945,75.4,29.2,46.2,17.0,-5.6,3.6,2263.8,0,0,0,0,0,0,0,-1,2014,13.06,11.53,11.54,0.17,0.18,49.17,82.98,108.76,186.63,0.0
1032899178.0,32019566.0,183582753.0,4708.0,63923562.0,0.0,1230913.0,10164251.0,57165794.0,158540186.0,6806443.0,9451676.0,526267445.0,5814383.0,10489796.0,684807631.0,81765611.0,37942289.0,19941472.0,436889278.0,78978452.0,81765611.0,156647159.0,63928270.0,65380905.0,65380905.0,8963389.0,10,82,5473.6,100.7,2532,31.9,3.7,4.9,30297.6,6959.3,9.5,1774.4,1110.2,10697.7,99.2,39.3836,66.7,25.3,41.5,16.2,3.1,-7.4,2241.3,0,0,0,0,0,0,0,-1,2014,12.0,10.86,10.87,0.19,0.19,96.0,73.87,88.73,229.67,0.0
1127257386.0,36879203.0,200806917.0,4708.0,65447262.0,0.0,1231242.0,10181047.0,76044744.0,158158349.0,7065764.0,9895766.0,578503914.0,5639920.0,11073236.0,736662263.0,89136321.0,40166394.0,20969002.0,483143838.0,62683522.0,89136321.0,197470532.0,65451970.0,55626814.0,55626814.0,10092097.0,11,83,5473.6,100.8,2608,32.4,3.9,5.1,29831.2,6907.6,9.5,1782.8,1495.3,11890.9,100.3,41.9627,64.1,26.0,38.1,12.1,0.9,6.5,2310.9,0,0,0,0,0,0,0,-1,2014,11.16,9.66,9.67,0.19,0.18,71.72,70.05,107.89,248.77,0.0
1201919285.0,41710507.0,222567115.0,4708.0,64515958.0,0.0,1230104.0,10121794.0,94024233.0,157470228.0,7244417.0,10489780.0,610274638.0,6093751.0,11471563.0,767744866.0,93321766.0,39009891.0,21961343.0,533444265.0,77684538.0,93321766.0,186947213.0,64520666.0,60626814.0,60626814.0,10127704.0,12,84,5473.6,101.3,2426,32.5,3.9,5.2,30141.9,7038.5,10.5,1862.3,1649.0,12950.9,99.5,51.8068,68.4,26.8,41.5,14.7,-1.0,-1.7,2343.6,0,0,0,0,0,0,0,-1,2014,10.78,9.47,9.48,0.19,0.18,41.13,68.2,96.12,302.09,0.0
1384673921.0,75200713.0,279525621.0,4708.0,64509600.0,0.0,1230104.0,10074036.0,151285777.0,156941515.0,7626766.0,10788994.0,645901847.0,4612525.0,10529714.0,802843362.0,108227835.0,40859394.0,21318708.0,680764974.0,80676995.0,108227835.0,180249511.0,64514308.0,60626813.0,60626813.0,8873092.0,1,85,5724.43333333,102.6,2006,42.1,4.0,5.3,31615.7,7171.5,15.0,1891.4,87.6,14496.1,100.8,56.2376,59.8,23.1,36.8,13.7,26.5,34.8,2954.8,0,0,0,0,0,0,0,-1,2015,13.23,11.74,11.75,0.19,0.18,112.89,66.71,96.96,180.1,0.0
1546867270.0,95837262.0,295783352.0,4708.0,63349046.0,0.0,1230104.0,10617025.0,164294596.0,155012395.0,7655346.0,11668793.0,760738782.0,4068969.0,12047434.0,915751177.0,119083449.0,42499374.0,23716227.0,778421649.0,122007675.0,119083449.0,175586254.0,63353754.0,60626813.0,60626813.0,-3523780.0,2,86,5724.43333333,103.9,2507,30.9,4.2,5.5,31033.8,6700.3,15.0,1881.3,-246.4,1316.5,101.3,69.664,62.9,24.5,38.4,13.9,-28.7,-49.3,2050.5,0,0,0,0,0,0,0,-1,2015,11.67,9.99,10.0,0.2,0.38,86.92,83.29,87.09,249.39,0.0
1371787308.0,64183099.0,262380153.0,4708.0,60771099.0,0.0,1230104.0,10511757.0,128414173.0,149537708.0,7577722.0,11145541.0,694754507.0,4642212.0,12913395.0,844292215.0,116230258.0,39776843.0,24058936.0,650582576.0,82725161.0,116230258.0,179332697.0,60775807.0,50753025.0,50753025.0,3048760.0,3,87,5724.43333333,102.2,2875,31.3,4.4,5.8,31225.0,6671.9,14.0,1955.8,-675.7,2278.0,102.1,62.2248,40.0,12.2,27.9,15.7,-0.7,31.9,2024.4,0,0,0,0,0,0,0,-1,2015,12.54,10.84,10.84,0.19,0.36,149.21,132.13,76.21,236.12,0.0
1321734936.0,52540614.0,270968013.0,4708.0,60451850.0,0.0,1230104.0,10465836.0,115206830.0,144852164.0,7690929.0,11352948.0,666014817.0,4058905.0,13886286.0,810866981.0,118716024.0,42209135.0,25239234.0,624821193.0,83888247.0,118716024.0,181262674.0,60456558.0,50722367.0,50722367.0,2586674.0,4,88,4619.2,101.2,2947,32.6,4.5,5.9,31028.9,6540.8,12.5,1995.1,-651.1,3436.8,105.5,57.65,44.8,15.4,29.4,14.0,3.4,-3.3,2196.6,0,0,0,0,0,0,0,-1,2015,14.99,11.33,11.34,0.15,0.3,212.15,170.01,67.32,148.27,0.0
1188652499.0,53505242.0,213264182.0,4708.0,60779614.0,0.0,1230104.0,10451627.0,92918426.0,140320241.0,7690931.0,10997686.0,616178355.0,4246695.0,16236161.0,756498596.0,118231822.0,39450430.0,27233847.0,531597441.0,67975283.0,118231822.0,189863468.0,60784322.0,50722367.0,50722367.0,3364921.0,5,89,4619.2,100.5,2934,34.4,4.4,5.8,31718.6,6619.6,12.5,2074.2,-800.3,4548.0,102.7,51.1388,50.0,17.1,32.9,15.8,4.9,14.8,2158.9,0,0,0,0,0,0,-1,-1,2015,15.3,11.82,11.83,0.15,0.3,188.25,174.97,63.5,143.71,0.0
1241600206.0,43339892.0,267870677.0,4708.0,61747844.0,0.0,1230104.0,10364980.0,85798524.0,137496681.0,7712794.0,11453502.0,633746796.0,3795388.0,18452232.0,771243477.0,119036992.0,40625423.0,29905734.0,615190091.0,76489558.0,119036992.0,152863462.0,61752552.0,40912185.0,40912185.0,2811350.0,6,90,4619.2,100.4,3277,34.4,4.3,5.6,31842.2,6576.6,11.5,2109.3,-839.7,5359.7,98.8,52.8213,46.9,16.2,30.7,14.5,-0.2,-12.8,2213.7,0,0,0,0,0,0,-1,-1,2015,12.9,9.94,9.94,0.15,0.3,154.25,178.21,64.38,207.41,0.0
1252141844.0,56956800.0,251805981.0,4708.0,61498379.0,0.0,1230104.0,10168588.0,90452832.0,134975598.0,7766735.0,12053442.0,645048854.0,2448143.0,18827280.0,780024452.0,124817452.0,45741444.0,30880722.0,637457634.0,89785965.0,124817452.0,127041423.0,61503087.0,40912185.0,40912185.0,241291.0,7,91,4934.9,100.2,3314,35.4,4.1,5.4,31958.0,6659.5,11.5,2228.8,-626.0,6619.4,100.7,55.8413,45.9,15.3,30.6,15.4,2.8,8.9,2223.3,0,0,0,0,0,0,-1,-1,2015,13.41,10.19,10.19,0.15,0.3,124.5,148.16,66.13,205.94,0.0
1279916246.0,51143208.0,271526023.0,4708.0,61625954.0,0.0,1230104.0,10097773.0,93727332.0,133022187.0,7725589.0,12672629.0,657538957.0,2567950.0,20020619.0,790561144.0,129778059.0,44774374.0,32693248.0,654364106.0,79241805.0,129778059.0,118172342.0,61630662.0,40912185.0,40912185.0,3033474.0,8,92,4934.9,100.8,3519,33.9,4.1,5.3,32094.2,6759.5,11.5,2176.6,-831.8,7794.4,101.5,60.3458,46.3,16.2,30.1,13.9,-5.0,1.8,2301.1,0,0,0,0,0,0,-1,-1,2015,13.51,10.22,10.22,0.16,0.29,104.76,170.63,65.54,209.57,0.0
1370002045.0,49814443.0,288637924.0,4708.0,64313183.0,0.0,1230104.0,10043079.0,110940203.0,133429202.0,7696870.0,13859719.0,711589199.0,2356890.0,22091710.0,845018401.0,140271081.0,48418712.0,35951429.0,735391705.0,97194338.0,140271081.0,111911851.0,64317891.0,30970608.0,30970608.0,1276857.0,9,93,4934.9,100.4,3233,32.2,4.1,5.3,32383.6,6785.7,11.5,2301.9,-621.0,8958.5,100.1,66.7152,44.0,16.7,27.3,10.6,-5.3,1.6,2376.7,0,0,0,0,0,0,-1,-1,2015,12.47,9.19,9.19,0.16,0.29,134.39,180.31,63.86,246.42,0.0
1383425064.0,63597455.0,310065252.0,4708.0,64339324.0,0.0,1230104.0,10014149.0,107051063.0,132295690.0,7708849.0,14263931.0,694827319.0,3909444.0,24134948.0,827123009.0,142449521.0,46510757.0,38398879.0,748708731.0,108450724.0,142449521.0,139646787.0,64344032.0,34719392.0,34719392.0,4368643.0,10,94,5327.73333333,100.6,3466,32.9,4.0,5.2,32074.4,6744.9,11.5,2421.8,-336.0,10143.1,98.9,65.7364,41.4,16.3,25.1,8.9,1.7,-7.1,2322.6,0,0,0,0,0,0,-1,-1,2015,12.9,9.58,9.58,0.16,0.29,140.19,230.5,65.23,239.16,0.0
1295703826.0,57462865.0,248161011.0,4708.0,65331447.0,0.0,1230104.0,9944263.0,102609790.0,129879571.0,7663172.0,13975908.0,681080067.0,2040942.0,23734273.0,810959638.0,146783873.0,46671953.0,37710181.0,669330948.0,86219831.0,146783873.0,135817500.0,65336155.0,34473483.0,34473483.0,2875253.0,11,95,5327.73333333,100.7,3505,33.4,4.3,5.5,32170.2,6786.9,11.5,2360.5,-275.2,11335.0,101.8,63.7993,43.2,16.8,26.3,9.5,0.6,4.4,2385.2,0,0,0,0,0,-1,-1,-1,2015,13.68,10.19,10.2,0.16,0.29,107.96,219.21,70.88,229.23,0.0
1320713756.0,53428297.0,246048067.0,4708.0,79805981.0,0.0,1230104.0,9881521.0,104606722.0,127607059.0,7518709.0,13856404.0,698101297.0,2538421.0,25629221.0,825708356.0,154727450.0,46736778.0,39485625.0,679066348.0,105009648.0,154727450.0,119623901.0,79810689.0,32263462.0,32263462.0,2207025.0,12,96,5327.73333333,100.8,3900,33.3,4.4,5.8,32754.2,6786.6,11.0,2432.3,-437.0,12174.5,99.3,66.737,43.9,16.9,27.0,10.0,-0.7,-1.3,2387.3,0,0,0,0,0,-1,-1,-1,2015,13.34,9.87,9.87,0.16,0.29,91.21,168.56,70.81,243.07,0.0
1428427839.0,41484760.0,312474042.0,115820.0,89987619.0,0.0,1230104.0,12233219.0,114116961.0,126602395.0,7260176.0,15242457.0,730182919.0,1270330.0,22826051.0,856785314.0,175008092.0,51093544.0,38068508.0,711624139.0,91329491.0,175008092.0,173458627.0,90103439.0,32263462.0,32263462.0,6003814.0,1,97,5539.36666667,100.8,3572,43.4,4.4,5.8,35179.7,7239.1,11.0,2395.3,-1426.4,13654.5,97.8,72.9299,41.9,16.5,25.4,8.9,29.2,50.6,2898.1,0,0,0,0,0,-1,-1,-1,2016,12.94,9.38,9.38,0.16,0.28,107.58,281.51,65.59,256.2,0.0
1483740522.0,43746301.0,317707378.0,115820.0,91294165.0,0.0,1230104.0,11789213.0,127193118.0,124871127.0,7302079.0,15897310.0,765793296.0,2529227.0,23358111.0,890664423.0,180231360.0,52978149.0,39255421.0,753369340.0,119521487.0,180231360.0,144608355.0,91409985.0,32263462.0,32263462.0,2758133.0,2,98,5539.36666667,101.0,4332,32.7,4.4,5.8,33975.7,7055.1,11.0,2428.8,427.2,1094.1,98.8,76.3264,46.2,17.4,28.7,11.3,-25.7,-54.7,2126.2,0,0,0,0,0,-1,-1,-1,2016,12.72,8.92,8.92,0.15,0.41,87.38,248.68,66.1,273.12,0.0
1446586224.0,79481090.0,291364074.0,115820.0,83353628.0,0.0,1230104.0,11821510.0,120163706.0,122832923.0,7096862.0,16283696.0,736223369.0,1638856.0,27031961.0,859056292.0,180833861.0,53932326.0,43315657.0,743843743.0,115944053.0,180833861.0,144846485.0,83469448.0,22058244.0,22058244.0,6823191.0,3,99,5539.36666667,100.6,3303,33.9,4.4,5.8,34318.9,7149.8,11.0,2354.6,7.5,1840.7,98.5,75.8994,26.9,9.8,17.1,7.2,3.2,33.9,2098.6,0,0,0,0,0,-1,-1,-1,2016,13.42,9.33,9.33,0.15,0.41,104.99,221.02,64.96,251.85,0.0
1501777686.0,249363359.0,235220007.0,115820.0,81522911.0,0.0,1230104.0,11938250.0,109382333.0,120635236.0,7210611.0,16070678.0,692369666.0,1753186.0,27167941.0,813004902.0,172769789.0,52397781.0,43238619.0,844048742.0,281347819.0,172769789.0,124337822.0,81638731.0,22058244.0,22058244.0,7809177.0,4,100,4599.23333333,100.5,4471,35.5,4.6,6.0,34698.7,7142.9,11.0,2318.2,-517.8,2908.4,103.1,67.8552,32.9,12.9,20.0,7.2,4.3,-0.3,2220.3,0,0,0,0,0,-1,-1,-1,2016,13.77,10.13,10.13,0.15,0.41,105.83,145.33,66.22,229.18,0.0
1317300675.0,74633728.0,244056184.0,115820.0,91971157.0,0.0,1230104.0,11979535.0,103588947.0,119083812.0,6989160.0,16141188.0,670641388.0,1627241.0,28861583.0,789725200.0,172482950.0,53587093.0,45002771.0,686521205.0,140975360.0,172482950.0,109453602.0,92086977.0,22058244.0,22058244.0,6715454.0,5,101,4599.23333333,100.4,4054,36.5,4.5,5.9,35113.1,7301.5,11.0,2393.4,-996.0,3907.6,102.6,64.3334,38.5,15.4,23.2,7.8,2.3,8.3,2204.2,0,0,0,0,-1,-1,-1,-1,2016,14.23,10.62,10.62,0.14,0.42,71.51,161.4,59.21,224.82,0.0
1377936432.0,93544453.0,265075325.0,115820.0,100953502.0,0.0,1230104.0,12083818.0,100499326.0,117824858.0,7050065.0,16101699.0,686609226.0,2261131.0,30296538.0,804434084.0,173672070.0,55608721.0,46398237.0,689650154.0,107145026.0,173672070.0,97674349.0,101069322.0,21869235.0,21869235.0,6369867.0,6,102,4599.23333333,100.4,4004,37.3,4.3,5.6,35650.5,7296.8,10.5,2419.7,-1218.6,4643.9,101.0,65.9962,36.9,15.2,21.7,6.6,1.7,-11.9,2232.9,0,0,0,0,-1,-1,-1,-1,2016,14.1,10.49,10.49,0.14,0.42,215.64,178.17,63.04,223.01,0.0
1299388249.0,45302724.0,265735725.0,115820.0,99992446.0,0.0,1230104.0,13640336.0,102329368.0,117392686.0,6942424.0,16211658.0,653649040.0,2329927.0,29193796.0,771041726.0,174263773.0,58112080.0,45405454.0,631626130.0,96213970.0,174263773.0,128753663.0,100108266.0,21869235.0,21869235.0,4774010.0,7,103,4911.0,100.4,3804,38.4,4.2,5.4,35867.9,7372.7,10.5,2562.7,-1201.0,5867.1,102.7,64.1755,36.5,14.5,22.0,7.5,2.7,10.3,2255.7,0,0,0,0,-1,-1,-1,-1,2016,14.76,10.96,10.96,0.15,0.42,85.84,185.06,61.58,262.18,0.0
1321422868.0,58139733.0,264564155.0,115820.0,98723510.0,0.0,1230104.0,13522800.0,103551217.0,118127260.0,6827786.0,16579486.0,663448269.0,1368528.0,29472557.0,781575529.0,178273341.0,62613226.0,46052043.0,666746681.0,105433627.0,178273341.0,89285566.0,98839330.0,21869235.0,21869235.0,5604732.0,8,104,4911.0,100.5,3666,35.9,4.1,5.3,36039.0,7462.4,10.5,2491.8,-1187.3,6966.8,100.2,65.9553,40.0,16.0,24.0,8.0,-7.2,-1.1,2362.6,0,0,0,-1,-1,-1,-1,-1,2016,14.49,10.95,10.95,0.16,0.43,117.09,158.31,59.89,231.87,0.0
1258177872.0,43907310.0,240712340.0,115820.0,95605735.0,0.0,1230104.0,13453130.0,100797971.0,119163998.0,6933792.0,16789734.0,643191464.0,1502726.0,31577184.0,762355462.0,174678450.0,60684747.0,48366918.0,620783089.0,116485480.0,174678450.0,111099251.0,95721555.0,21855920.0,21855920.0,5790568.0,9,105,4911.0,100.0,3531,35.4,4.0,5.2,36194.4,7438.5,10.0,2585.1,-1067.2,8142.8,98.6,65.2535,38.6,16.1,22.5,6.3,-1.5,0.9,2439.8,0,0,0,-1,-1,-1,-1,-1,2016,15.02,11.76,11.76,0.15,0.43,83.92,156.0,62.19,213.75,0.0
1276756418.0,72946352.0,245466378.0,115820.0,95504530.0,0.0,1230104.0,13371240.0,101579476.0,120126071.0,6855023.0,16867132.0,626416447.0,1915430.0,31570857.0,746542518.0,172677806.0,59124144.0,48437989.0,623990622.0,109364421.0,172677806.0,128594666.0,95620350.0,16855920.0,16855920.0,9368055.0,10,106,5309.03333333,100.2,3658,35.8,4.0,5.2,36148.7,7412.1,10.0,2510.9,-1077.7,9294.0,100.7,63.396,41.6,18.5,23.2,4.7,1.0,-1.5,2411.4,0,0,0,-1,-1,-1,-1,-1,2016,15.23,11.73,11.73,0.15,0.42,112.18,182.96,55.63,202.43,0.0
1226083797.0,51216116.0,219195607.0,115820.0,94644799.0,0.0,1230104.0,13833714.0,106236681.0,120399424.0,6789923.0,17188020.0,619211532.0,2521369.0,29388422.0,739610956.0,169941522.0,59665810.0,46576442.0,601854852.0,111454283.0,169941522.0,97854440.0,94760619.0,16855920.0,16855920.0,12843981.0,11,107,5309.03333333,100.4,3790,35.7,4.1,5.4,36051.0,7339.1,10.0,2532.6,-1033.3,10440.6,100.3,63.2174,43.4,18.0,25.4,7.4,-0.6,1.6,2446.9,0,0,-1,-1,-1,-1,-1,-1,2016,15.86,11.99,11.99,0.14,0.42,82.42,213.8,57.91,198.79,0.0
1283127686.0,104610206.0,225965505.0,115820.0,96486675.0,0.0,1230104.0,13912431.0,94363928.0,121701060.0,6864442.0,17421591.0,624741957.0,2350907.0,29704396.0,746443017.0,171403081.0,62625579.0,47125987.0,648331491.0,147239061.0,171403081.0,118016468.0,96602495.0,6346937.0,6346937.0,12267968.0,12,108,5309.03333333,100.4,3850,36.2,4.1,5.4,36432.9,7317.2,10.0,2768.0,-1212.4,11435.3,100.7,65.2382,43.2,18.3,24.9,6.6,0.9,-1.8,2439.3,0,0,-1,-1,-1,-1,-1,-1,2016,15.66,11.84,11.84,0.14,0.42,96.41,186.86,58.25,193.61,0.0
1213680015.0,103642991.0,209350251.0,115820.0,93005475.0,0.0,1230104.0,14172884.0,99448574.0,120984305.0,6630590.0,16238333.0,571729611.0,2061252.0,29769446.0,692713916.0,167976934.0,61883832.0,46007779.0,572599960.0,104324005.0,167976934.0,142719627.0,93121295.0,6346937.0,6346937.0,16655124.0,1,109,5556.0,100.4,2725,47.6,4.1,5.3,38417.9,7714.8,10.0,2626.2,-2346.0,13459.5,100.6,61.0675,44.2,17.5,26.6,9.1,30.9,50.0,2899.2,0,0,-1,-1,-1,-1,-1,-1,2017,16.66,12.43,12.43,0.14,0.41,145.6,220.25,58.81,166.76,0.0
1178872770.0,81940859.0,209962681.0,115820.0,93485635.0,0.0,1230104.0,14701662.0,98645276.0,120703707.0,6767936.0,16255220.0,558087026.0,1957700.0,29164871.0,678790733.0,166236233.0,59786341.0,45420091.0,565452477.0,106175451.0,166236233.0,115656460.0,93601455.0,6346937.0,6346937.0,3015725.0,2,110,5556.0,100.6,3232,35.4,4.3,5.6,38016.8,7543.7,10.0,2641.2,27.7,1264.4,103.3,60.0851,50.4,19.3,31.1,11.8,-26.0,-47.7,2204.5,0,-1,-1,-1,-1,-1,-1,-1,2017,16.715,12.883,12.883,0.154,0.555,123.979,236.18900000000002,55.997,166.108,0.0
1165514753.0,86326647.0,203645844.0,115820.0,88424592.0,0.0,1230104.0,15194920.0,95187418.0,120141829.0,6612441.0,15625783.0,555247579.0,3863249.0,29980334.0,675389408.0,165925183.0,61833771.0,45606117.0,577037648.0,106052580.0,165925183.0,91789713.0,88540412.0,6346937.0,6346937.0,6686685.0,3,111,5556.0,100.2,3613,35.9,4.2,5.6,38475.2,7587.4,9.8,2656.2,-16.1,2290.7,100.8,57.9627,38.8,13.7,25.1,11.4,1.3,18.8,2158.1,0,-1,-1,-1,-1,-1,-1,-1,2017,16.906,12.992,12.992,0.16,0.556,145.67700000000002,226.63,55.076,160.089,0.0
